row,image1,image2,win1,win2,tie
1,c4c13c06f271c990.jpeg,train-29463.jpg,10,0,0
2,711747e969e8c201.jpeg,train-15954.jpg,6,4,0
3,607c3cf435e898bc.jpeg,test-08022.jpg,4,5,1
4,7ce46978787b33d1.jpeg,train-18708.jpg,3,7,0
5,7071616438c94f4c.jpeg,train-24696.jpg,6,1,3
6,f57d1ca6b2a74918.jpeg,train-24696.jpg,5,0,5
7,7cdcd85c8d233331.jpeg,train-16388.jpg,10,0,0
8,c645c3e2b69fc0f0.jpeg,train-23280.jpg,10,0,0
9,d6a696b6f7bb73b7.jpeg,train-18728.jpg,0,9,1
10,65b5cb8a0a4a465a.jpeg,train-13949.jpg,6,3,1
11,bf65c51989c69959.jpeg,train-08551.jpg,1,7,2
12,ee76631898b41d49.jpeg,test-08016.jpg,2,7,1
13,164748c42f2b1bfc.jpeg,train-25580.jpg,8,0,2
14,e0c0e060908d0799.jpeg,train-08226.jpg,10,0,0
15,e405c6e029b0e792.jpeg,train-26196.jpg,0,10,0
16,e0e86ae4b266e599.jpeg,train-07396.jpg,9,1,0
17,c8d952d6c353d398.jpeg,train-29898.jpg,0,10,0
18,72733261b09399d1.png,train-08551.jpg,1,7,2
19,66e6e6218dc9e0b9.png,test-08016.jpg,5,5,0
20,d0f0c8e8f0d8d4e4.jpeg,train-00757.jpg,7,3,0
21,6279f9e5e16b4945.jpeg,test-03159.jpg,9,1,0
22,bf65c51989c69959.jpeg,test-03435.jpg,8,1,1
23,c4c13c06f271c990.jpeg,train-14276.jpg,10,0,0
24,9686c3cda9f871b9.jpeg,train-06927.jpg,10,0,0
25,e6e2d2da98889864.jpeg,train-29877.jpg,7,0,3
26,8d0f0c6c64696961.png,train-11329.jpg,10,0,0
27,18003d5ee6f80069.jpeg,train-16616.jpg,4,1,5
28,c0e060ecb870677e.jpeg,train-24679.jpg,6,3,1
29,d0f0c8e8f0d8d4e4.jpeg,train-14276.jpg,10,0,0
30,66e6e6218dc9e0b9.png,train-05502.jpg,2,8,0
31,3839b998b8b8d035.jpeg,train-23068.jpg,10,0,0
32,d0f0c8e8f0d8d4e4.jpeg,train-00866.jpg,10,0,0
33,8eacb434cd726264.jpeg,train-15249.jpg,0,8,2
34,b18119479772428d.jpeg,train-11383.jpg,10,0,0
35,f0f2debfeeb47ee4.jpeg,train-30365.jpg,8,0,2
36,e0d0797e5e16a6ae.jpeg,train-23534.jpg,10,0,0
37,c645c3e2b69fc0f0.jpeg,test-03087.jpg,3,6,1
38,0006213919193c6c.jpeg,test-03203.jpg,1,9,0
39,82e168e961da0f0c.jpeg,train-16007.jpg,8,1,1
40,66e6e6218dc9e0b9.png,train-15249.jpg,5,4,1
41,d6a696b6f7bb73b7.jpeg,train-26230.jpg,1,9,0
42,b4f1d9cd534c2958.jpeg,train-18613.jpg,9,1,0
43,e3f3f3d9e4d4ecdc.jpeg,train-17085.jpg,8,2,0
44,264e4624894be0f4.jpeg,train-22051.jpg,9,0,1
45,b4b477367563a6b6.jpeg,test-07714.jpg,1,6,3
46,c8d952d6c353d398.jpeg,test-01906.jpg,8,1,1
47,f0f2debfeeb47ee4.jpeg,test-04691.jpg,2,7,1
48,e3f3f3d9e4d4ecdc.jpeg,train-29463.jpg,10,0,0
49,4953c76c65650f1b.png,test-07714.jpg,9,1,0
50,bf65c51989c69959.jpeg,train-18708.jpg,1,7,2
51,534b4b531313637a.jpeg,train-23068.jpg,9,1,0
52,6872f9f9a61e5074.jpeg,train-23620.jpg,2,4,4
53,e56773139b29459f.jpeg,train-08551.jpg,2,7,1
54,00c292b11a11950b.jpeg,train-18728.jpg,1,9,0
55,3839b998b8b8d035.jpeg,train-15082.jpg,10,0,0
56,340407178b880400.jpeg,train-25067.jpg,10,0,0
57,831b9bfb3171fcd9.jpeg,train-00757.jpg,1,9,0
58,c0e060ecb870677e.jpeg,train-18613.jpg,4,5,1
59,6e664b6c0e0f0b1b.jpeg,train-21767.jpg,10,0,0
60,d0f0c8e8f0d8d4e4.jpeg,train-21767.jpg,10,0,0
61,b4f1d9cd534c2958.jpeg,train-24679.jpg,8,2,0
62,909a232c8d1a18e2.jpeg,train-02920.jpg,8,2,0
63,534b4b531313637a.jpeg,train-04130.jpg,8,2,0
64,a6213b2b23716969.jpeg,train-00254.jpg,0,10,0
65,340407178b880400.jpeg,test-01364.jpg,10,0,0
66,340407178b880400.jpeg,train-09757.jpg,10,0,0
67,e3f3f3d9e4d4ecdc.jpeg,train-18708.jpg,10,0,0
68,f3e7e7e5e7c5e1ee.jpeg,train-24696.jpg,2,2,6
69,e0c0e060908d0799.jpeg,train-11383.jpg,9,1,0
70,6178783164f2f219.jpeg,test-00651.jpg,10,0,0
71,340407178b880400.jpeg,test-03953.jpg,10,0,0
72,6279f9e5e16b4945.jpeg,test-08016.jpg,10,0,0
73,110323f2f6de0b32.jpeg,train-09562.jpg,10,0,0
74,8d0f0c6c64696961.png,test-03816.jpg,10,0,0
75,e1b1e9ed676dcea9.jpeg,test-04772.jpg,1,7,2
76,bf65c51989c69959.jpeg,train-20490.jpg,4,2,4
77,909a232c8d1a18e2.jpeg,test-02597.jpg,3,7,0
78,d0f0c8e8f0d8d4e4.jpeg,train-18728.jpg,5,3,2
79,b7b48dbc386300d8.jpeg,train-14895.jpg,9,1,0
80,9686c3cda9f871b9.jpeg,train-20219.jpg,10,0,0
81,e0e86ae4b266e599.jpeg,train-18613.jpg,9,0,1
82,7071616438c94f4c.jpeg,train-25206.jpg,2,5,3
83,c8d952d6c353d398.jpeg,train-00757.jpg,1,9,0
84,6279f9e5e16b4945.jpeg,train-13319.jpg,9,1,0
85,8445b4b4ad60c080.jpeg,train-00576.jpg,4,1,5
86,18003d5ee6f80069.jpeg,train-12617.jpg,0,10,0
87,9686c3cda9f871b9.jpeg,test-02597.jpg,10,0,0
88,bf65c51989c69959.jpeg,test-00651.jpg,2,1,7
89,0e6361ee6b28eccc.jpeg,train-09562.jpg,8,2,0
90,e6e2d2da98889864.jpeg,train-11080.jpg,7,1,2
91,4ccce4e138cd0e0b.jpeg,train-00386.jpg,1,9,0
92,b18119479772428d.jpeg,train-15082.jpg,10,0,0
93,c1c3a626b67767c7.jpeg,train-17671.jpg,10,0,0
94,9539796523a32722.jpeg,train-15249.jpg,10,0,0
95,e0c0e060908d0799.jpeg,test-07714.jpg,10,0,0
96,e1b1e9ed676dcea9.jpeg,train-04162.jpg,1,3,6
97,8eacb434cd726264.jpeg,train-05189.jpg,1,8,1
98,5de72ba98f62f3a3.jpeg,train-01248.jpg,3,4,3
99,711747e969e8c201.jpeg,train-30857.jpg,8,1,1
100,e3f3f3d9e4d4ecdc.jpeg,train-14271.jpg,9,1,0
101,264e4624894be0f4.jpeg,train-26496.jpg,10,0,0
102,63e7c6c86872345c.jpeg,train-13909.jpg,2,5,3
103,534b4b531313637a.jpeg,test-00420.jpg,9,1,0
104,b4f1d9cd534c2958.jpeg,train-30857.jpg,8,0,2
105,a6262e3ec1187232.jpeg,test-00420.jpg,9,0,1
106,e1b1e9ed676dcea9.jpeg,train-14895.jpg,0,10,0
107,b7b48dbc386300d8.jpeg,train-13909.jpg,8,2,0
108,280b9b682cddec9c.jpeg,train-00254.jpg,0,10,0
109,dc5a5e8f7c63c2d6.jpeg,test-04691.jpg,7,3,0
110,195b92ca2a270626.jpeg,test-03203.jpg,7,3,0
111,c645c3e2b69fc0f0.jpeg,train-08226.jpg,9,1,0
112,8024cc948ca2a594.jpeg,train-06927.jpg,10,0,0
113,e6e2d2da98889864.jpeg,train-01722.jpg,7,0,3
114,848a838282b28e62.jpeg,train-16388.jpg,9,1,0
115,0a6d6eebe9cce2e3.jpeg,train-30857.jpg,7,0,3
116,b4b477367563a6b6.jpeg,train-15147.jpg,1,9,0
117,00c292b11a11950b.jpeg,train-14939.jpg,10,0,0
118,e56773139b29459f.jpeg,test-02791.jpg,5,1,4
119,9b593939f9f9f155.jpeg,train-11080.jpg,2,5,3
120,e6e2d2da98889864.jpeg,test-04772.jpg,2,8,0
121,ee76631898b41d49.jpeg,train-29281.jpg,1,7,2
122,b18119479772428d.jpeg,test-08151.jpg,10,0,0
123,e1b1e9ed676dcea9.jpeg,train-06872.jpg,2,1,7
124,164748c42f2b1bfc.jpeg,train-00386.jpg,0,10,0
125,c1c3a626b67767c7.jpeg,train-01248.jpg,10,0,0
126,6279f9e5e16b4945.jpeg,test-03953.jpg,10,0,0
127,d6a696b6f7bb73b7.jpeg,train-25206.jpg,9,1,0
128,bf65c51989c69959.jpeg,train-07396.jpg,3,6,1
129,18003d5ee6f80069.jpeg,train-15249.jpg,0,8,2
130,263230143a312133.jpeg,train-25067.jpg,10,0,0
131,63e7c6c86872345c.jpeg,train-23280.jpg,6,0,4
132,9414848d80e1c142.jpeg,train-15954.jpg,1,9,0
133,711747e969e8c201.jpeg,train-14276.jpg,6,4,0
134,f0e0ecd979b0954d.jpeg,train-18613.jpg,7,2,1
135,79e9cc9c86849c92.jpeg,train-22051.jpg,7,2,1
136,340407178b880400.jpeg,test-03203.jpg,6,4,0
137,a6262e3ec1187232.jpeg,train-30365.jpg,10,0,0
138,f0e0ecd979b0954d.jpeg,train-03929.jpg,8,0,2
139,9ec8013d4466c3c1.jpeg,train-24569.jpg,7,3,0
140,e0e86ae4b266e599.jpeg,train-11329.jpg,6,3,1
141,dc5a5e8f7c63c2d6.jpeg,test-08016.jpg,9,1,0
142,9b593939f9f9f155.jpeg,train-00757.jpg,0,10,0
143,7da193a1390ca8d4.jpeg,test-03435.jpg,10,0,0
144,484a4a4205826cd8.jpeg,train-14276.jpg,3,6,1
145,6c9891318da6a92c.jpeg,train-18708.jpg,9,1,0
146,d0f0c8e8f0d8d4e4.jpeg,train-19056.jpg,10,0,0
147,c3f8fbfbef977749.jpeg,train-11080.jpg,3,5,2
148,8eacb434cd726264.jpeg,train-08551.jpg,0,10,0
149,78e2e1f08ccbcfd7.jpeg,train-09757.jpg,5,2,3
150,4953c76c65650f1b.png,train-17671.jpg,10,0,0
151,9b593939f9f9f155.jpeg,test-03203.jpg,2,8,0
152,66e6e6218dc9e0b9.png,train-14271.jpg,7,1,2
153,e0c0e060908d0799.jpeg,train-00254.jpg,0,10,0
154,909a232c8d1a18e2.jpeg,test-00420.jpg,9,1,0
155,831b9bfb3171fcd9.jpeg,train-11383.jpg,10,0,0
156,9414848d80e1c142.jpeg,train-30365.jpg,6,0,4
157,e3f3f3d9e4d4ecdc.jpeg,train-20219.jpg,10,0,0
158,a6262e3ec1187232.jpeg,train-04162.jpg,9,1,0
159,c645c3e2b69fc0f0.jpeg,train-24679.jpg,9,0,1
160,fce0c2c693cccccc.jpeg,test-03203.jpg,2,8,0
161,0e6361ee6b28eccc.jpeg,test-03435.jpg,10,0,0
162,8d0f0c6c64696961.png,test-07125.jpg,10,0,0
163,f0f2debfeeb47ee4.jpeg,test-08016.jpg,4,6,0
164,dc5a5e8f7c63c2d6.jpeg,train-00386.jpg,4,4,2
165,08b7661e352ad515.jpeg,train-12617.jpg,0,10,0
166,6872f9f9a61e5074.jpeg,train-06927.jpg,3,6,1
167,9ec8013d4466c3c1.jpeg,train-06872.jpg,8,2,0
168,82e168e961da0f0c.jpeg,train-13909.jpg,4,6,0
169,ee76631898b41d49.jpeg,test-03087.jpg,1,7,2
170,e6e2d2da98889864.jpeg,test-03435.jpg,7,2,1
171,8024cc948ca2a594.jpeg,train-16616.jpg,9,1,0
172,0e6361ee6b28eccc.jpeg,train-00757.jpg,2,8,0
173,c0e060ecb870677e.jpeg,test-03087.jpg,1,9,0
174,070f0c0d5d142f00.jpeg,train-28380.jpg,2,7,1
175,0e6361ee6b28eccc.jpeg,test-04772.jpg,9,1,0
176,e0e86ae4b266e599.jpeg,train-08226.jpg,8,1,1
177,5a3465c949651fcf.jpeg,train-30857.jpg,8,2,0
178,e405c6e029b0e792.jpeg,train-05502.jpg,1,7,2
179,264e4624894be0f4.jpeg,test-03953.jpg,10,0,0
180,e9e199d9d0bcfcfc.jpeg,train-17671.jpg,10,0,0
181,110323f2f6de0b32.jpeg,test-04691.jpg,8,2,0
182,a3a7e26a9833d3e3.jpeg,train-04130.jpg,10,0,0
183,8eacb434cd726264.jpeg,train-17671.jpg,2,0,8
184,c1c3a626b67767c7.jpeg,train-03670.jpg,10,0,0
185,78e2e1f08ccbcfd7.jpeg,train-05189.jpg,3,3,4
186,8445b4b4ad60c080.jpeg,train-12617.jpg,0,10,0
187,ee76631898b41d49.jpeg,train-00254.jpg,0,10,0
188,4953c76c65650f1b.png,test-01364.jpg,10,0,0
189,263230143a312133.jpeg,test-03953.jpg,10,0,0
190,ac8c94bcb4f0f22b.jpeg,train-24679.jpg,2,8,0
191,1f0cb49b5f3d3f3d.png,train-16616.jpg,10,0,0
192,1f0cb49b5f3d3f3d.png,test-00651.jpg,10,0,0
193,1f0cb49b5f3d3f3d.png,train-04162.jpg,10,0,0
194,e3f3f3d9e4d4ecdc.jpeg,train-11329.jpg,10,0,0
195,280b9b682cddec9c.jpeg,test-02597.jpg,1,7,2
196,c3f8fbfbef977749.jpeg,train-12365.jpg,3,5,2
197,e0e86ae4b266e599.jpeg,train-13572.jpg,7,0,3
198,cd734649ca36bbdb.jpeg,train-26230.jpg,0,10,0
199,00c292b11a11950b.jpeg,train-12365.jpg,10,0,0
200,72733261b09399d1.png,train-18708.jpg,7,3,0
201,5a3465c949651fcf.jpeg,train-00757.jpg,0,10,0
202,607c3cf435e898bc.jpeg,test-00651.jpg,5,1,4
203,cdcce1635959beb2.jpeg,test-03203.jpg,7,3,0
204,7ce46978787b33d1.jpeg,train-29898.jpg,0,10,0
205,c565636d6dad6be5.jpeg,train-08226.jpg,1,9,0
206,6e664b6c0e0f0b1b.jpeg,train-17085.jpg,10,0,0
207,909a232c8d1a18e2.jpeg,train-14276.jpg,5,5,0
208,e4e4e6d2f3f2d6cc.jpeg,train-22013.jpg,10,0,0
209,ac8c94bcb4f0f22b.jpeg,train-28380.jpg,0,10,0
210,3839b998b8b8d035.jpeg,test-04772.jpg,10,0,0
211,831b9bfb3171fcd9.jpeg,test-03953.jpg,10,0,0
212,6f3d2ccdcc646a6e.jpeg,test-04772.jpg,9,1,0
213,d373cfff7f6f6f2d.jpeg,test-08016.jpg,7,3,0
214,808080a03934250b.jpeg,test-04691.jpg,1,9,0
215,070f0c0d5d142f00.jpeg,train-08551.jpg,7,3,0
216,f57d1ca6b2a74918.jpeg,train-25067.jpg,3,5,2
217,3030321292b391ad.jpeg,train-01248.jpg,4,5,1
218,c3f8fbfbef977749.jpeg,train-09562.jpg,2,4,4
219,0006213919193c6c.jpeg,train-09562.jpg,1,6,3
220,3030321292b391ad.jpeg,train-20219.jpg,2,8,0
221,301395c1c9cbdc56.jpeg,train-25067.jpg,7,1,2
222,848a838282b28e62.jpeg,train-00576.jpg,9,0,1
223,f0e0ecd979b0954d.jpeg,test-04691.jpg,2,8,0
224,9539796523a32722.jpeg,test-00651.jpg,10,0,0
225,b18119479772428d.jpeg,train-20490.jpg,10,0,0
226,f0f2debfeeb47ee4.jpeg,train-29329.jpg,4,2,4
227,1c74d180e6f0983c.jpeg,train-24569.jpg,10,0,0
228,66e6e6218dc9e0b9.png,test-07714.jpg,6,3,1
229,9539796523a32722.jpeg,test-02597.jpg,10,0,0
230,7071616438c94f4c.jpeg,train-02920.jpg,3,4,3
231,f0e0ecd979b0954d.jpeg,train-24696.jpg,9,0,1
232,0a6d6eebe9cce2e3.jpeg,train-07396.jpg,2,4,4
233,f0e0ecd979b0954d.jpeg,train-28380.jpg,0,10,0
234,65b5cb8a0a4a465a.jpeg,train-03670.jpg,10,0,0
235,9539796523a32722.jpeg,train-29877.jpg,10,0,0
236,65b5cb8a0a4a465a.jpeg,train-09757.jpg,10,0,0
237,fce0c2c693cccccc.jpeg,train-29898.jpg,1,9,0
238,c3f8fbfbef977749.jpeg,train-04162.jpg,1,6,3
239,3030321292b391ad.jpeg,test-01906.jpg,4,4,2
240,301395c1c9cbdc56.jpeg,train-23620.jpg,5,5,0
241,ac8c94bcb4f0f22b.jpeg,train-00866.jpg,0,5,5
242,848a838282b28e62.jpeg,train-22051.jpg,9,0,1
243,4ccce4e138cd0e0b.jpeg,train-29281.jpg,10,0,0
244,63e7c6c86872345c.jpeg,train-14939.jpg,3,1,6
245,e405c6e029b0e792.jpeg,test-04183.jpg,2,5,3
246,263230143a312133.jpeg,train-17085.jpg,10,0,0
247,070f0c0d5d142f00.jpeg,test-00420.jpg,10,0,0
248,263230143a312133.jpeg,train-09757.jpg,10,0,0
249,e0d0797e5e16a6ae.jpeg,train-29877.jpg,9,0,1
250,c5e4e4e2e6e6f0c8.jpeg,test-03816.jpg,4,3,3
251,e0c0e060908d0799.jpeg,train-15082.jpg,10,0,0
252,cd734649ca36bbdb.jpeg,train-15082.jpg,3,6,1
253,b18119479772428d.jpeg,train-16616.jpg,10,0,0
254,301395c1c9cbdc56.jpeg,test-02791.jpg,6,0,4
255,c4c13c06f271c990.jpeg,train-29877.jpg,10,0,0
256,3030321292b391ad.jpeg,train-01722.jpg,4,4,2
257,6c9891318da6a92c.jpeg,train-13909.jpg,10,0,0
258,bf65c51989c69959.jpeg,train-05502.jpg,0,7,3
259,8024cc948ca2a594.jpeg,test-01906.jpg,10,0,0
260,f37164a4d456dbf8.jpeg,train-05189.jpg,5,5,0
261,e0e86ae4b266e599.jpeg,train-13645.jpg,8,0,2
262,6e664b6c0e0f0b1b.jpeg,train-23068.jpg,10,0,0
263,f57d1ca6b2a74918.jpeg,train-21767.jpg,3,4,3
264,e56773139b29459f.jpeg,train-26496.jpg,1,3,6
265,f57d1ca6b2a74918.jpeg,train-19056.jpg,5,3,2
266,c0e060ecb870677e.jpeg,train-24696.jpg,8,0,2
267,484a4a4205826cd8.jpeg,test-03816.jpg,6,4,0
268,0e6361ee6b28eccc.jpeg,train-15082.jpg,9,0,1
269,e1b1e9ed676dcea9.jpeg,train-03670.jpg,1,2,7
270,1c74d180e6f0983c.jpeg,train-11080.jpg,10,0,0
271,e0d0797e5e16a6ae.jpeg,train-15954.jpg,4,6,0
272,82e168e961da0f0c.jpeg,train-05502.jpg,5,5,0
273,0e6361ee6b28eccc.jpeg,test-04691.jpg,3,7,0
274,0a6d6eebe9cce2e3.jpeg,train-29898.jpg,0,10,0
275,f37164a4d456dbf8.jpeg,test-04183.jpg,3,4,3
276,7da193a1390ca8d4.jpeg,train-08551.jpg,5,4,1
277,79e9cc9c86849c92.jpeg,test-04183.jpg,2,5,3
278,b4b477367563a6b6.jpeg,train-29463.jpg,6,1,3
279,3c1c3a309c940098.jpeg,train-15147.jpg,10,0,0
280,e0e86ae4b266e599.jpeg,train-16007.jpg,8,1,1
281,1c74d180e6f0983c.jpeg,train-21767.jpg,10,0,0
282,f3e7e7e5e7c5e1ee.jpeg,train-08551.jpg,0,8,2
283,6279f9e5e16b4945.jpeg,train-06927.jpg,10,0,0
284,b7b48dbc386300d8.jpeg,test-07714.jpg,9,1,0
285,f0f2debfeeb47ee4.jpeg,train-15147.jpg,3,6,1
286,f0f2debfeeb47ee4.jpeg,test-03435.jpg,6,2,2
287,a6213b2b23716969.jpeg,train-09562.jpg,9,1,0
288,b7b48dbc386300d8.jpeg,train-14276.jpg,9,1,0
289,4953c76c65650f1b.png,train-18728.jpg,0,10,0
290,909a232c8d1a18e2.jpeg,test-02791.jpg,9,1,0
291,1f0cb49b5f3d3f3d.png,train-00866.jpg,10,0,0
292,78e2e1f08ccbcfd7.jpeg,train-20490.jpg,5,3,2
293,b7b48dbc386300d8.jpeg,train-22051.jpg,10,0,0
294,7da193a1390ca8d4.jpeg,test-07125.jpg,10,0,0
295,c4c13c06f271c990.jpeg,train-00386.jpg,3,7,0
296,195b92ca2a270626.jpeg,test-08022.jpg,10,0,0
297,3f7d26f4c8c0c6c2.jpeg,train-18728.jpg,0,10,0
298,831b9bfb3171fcd9.jpeg,test-07353.jpg,10,0,0
299,f37164a4d456dbf8.jpeg,train-09562.jpg,3,5,2
300,08b7661e352ad515.jpeg,train-03929.jpg,5,3,2
301,d373cfff7f6f6f2d.jpeg,train-01722.jpg,10,0,0
302,f37164a4d456dbf8.jpeg,train-12365.jpg,2,7,1
303,4ccce4e138cd0e0b.jpeg,train-13572.jpg,10,0,0
304,9539796523a32722.jpeg,train-13572.jpg,10,0,0
305,dc5a5e8f7c63c2d6.jpeg,train-20490.jpg,10,0,0
306,c645c3e2b69fc0f0.jpeg,train-30857.jpg,10,0,0
307,c8d952d6c353d398.jpeg,train-03670.jpg,6,1,3
308,3f7d26f4c8c0c6c2.jpeg,train-13319.jpg,2,5,3
309,264e4624894be0f4.jpeg,train-25067.jpg,10,0,0
310,18003d5ee6f80069.jpeg,train-03929.jpg,2,3,5
311,a6213b2b23716969.jpeg,test-01906.jpg,10,0,0
312,0e6361ee6b28eccc.jpeg,train-27441.jpg,10,0,0
313,e56773139b29459f.jpeg,train-25580.jpg,7,0,3
314,110323f2f6de0b32.jpeg,train-20219.jpg,9,1,0
315,c1c3a626b67767c7.jpeg,train-25580.jpg,10,0,0
316,6e664b6c0e0f0b1b.jpeg,train-15147.jpg,9,1,0
317,e4e4e6d2f3f2d6cc.jpeg,test-02791.jpg,10,0,0
318,c3f8fbfbef977749.jpeg,test-03816.jpg,3,1,6
319,9ec8013d4466c3c1.jpeg,train-23068.jpg,5,4,1
320,b4f1d9cd534c2958.jpeg,train-20490.jpg,10,0,0
321,c8d952d6c353d398.jpeg,train-22013.jpg,9,0,1
322,c1c3a626b67767c7.jpeg,train-25206.jpg,10,0,0
323,6178783164f2f219.jpeg,test-04691.jpg,5,4,1
324,9539796523a32722.jpeg,train-03929.jpg,10,0,0
325,cdcce1635959beb2.jpeg,train-17085.jpg,10,0,0
326,9ec8013d4466c3c1.jpeg,train-05189.jpg,4,4,2
327,6e664b6c0e0f0b1b.jpeg,train-08551.jpg,10,0,0
328,3f7d26f4c8c0c6c2.jpeg,train-30857.jpg,3,0,7
329,7ce46978787b33d1.jpeg,train-15954.jpg,1,9,0
330,78e2e1f08ccbcfd7.jpeg,test-08151.jpg,3,7,0
331,08b7661e352ad515.jpeg,train-24569.jpg,7,1,2
332,c645c3e2b69fc0f0.jpeg,train-27444.jpg,9,0,1
333,e6e2d2da98889864.jpeg,train-06872.jpg,8,0,2
334,a3a7e26a9833d3e3.jpeg,test-03203.jpg,2,8,0
335,8d0f0c6c64696961.png,train-23068.jpg,10,0,0
336,8d0f0c6c64696961.png,train-21469.jpg,10,0,0
337,18003d5ee6f80069.jpeg,train-00866.jpg,4,2,4
338,1c74d180e6f0983c.jpeg,train-13949.jpg,5,5,0
339,264e4624894be0f4.jpeg,test-07353.jpg,8,2,0
340,5de72ba98f62f3a3.jpeg,train-23620.jpg,3,5,2
341,6872f9f9a61e5074.jpeg,train-15954.jpg,1,7,2
342,8445b4b4ad60c080.jpeg,train-22051.jpg,2,5,3
343,72733261b09399d1.png,test-07714.jpg,2,8,0
344,c3f8fbfbef977749.jpeg,train-13645.jpg,4,4,2
345,9ec8013d4466c3c1.jpeg,test-00420.jpg,8,2,0
346,e9e199d9d0bcfcfc.jpeg,test-04183.jpg,10,0,0
347,110323f2f6de0b32.jpeg,train-28380.jpg,7,3,0
348,9539796523a32722.jpeg,train-21469.jpg,10,0,0
349,e9e199d9d0bcfcfc.jpeg,train-11383.jpg,10,0,0
350,f3e7e7e5e7c5e1ee.jpeg,train-23620.jpg,0,10,0
351,8445b4b4ad60c080.jpeg,train-05189.jpg,2,7,1
352,c565636d6dad6be5.jpeg,train-18728.jpg,1,9,0
353,e9e199d9d0bcfcfc.jpeg,train-29877.jpg,10,0,0
354,c5e4e4e2e6e6f0c8.jpeg,train-00254.jpg,0,10,0
355,c8d952d6c353d398.jpeg,test-01364.jpg,6,2,2
356,164748c42f2b1bfc.jpeg,test-00420.jpg,5,4,1
357,a6262e3ec1187232.jpeg,train-13909.jpg,8,2,0
358,c0e060ecb870677e.jpeg,train-18728.jpg,0,10,0
359,4953c76c65650f1b.png,test-06513.jpg,10,0,0
360,a3a7e26a9833d3e3.jpeg,train-22013.jpg,9,0,1
361,484a4a4205826cd8.jpeg,test-03159.jpg,4,5,1
362,72733261b09399d1.png,train-30365.jpg,7,2,1
363,1e96a6f3b83cf0f0.jpeg,test-07714.jpg,10,0,0
364,a6213b2b23716969.jpeg,train-13949.jpg,1,9,0
365,f0e0ecd979b0954d.jpeg,train-11080.jpg,5,5,0
366,534b4b531313637a.jpeg,train-00576.jpg,9,1,0
367,7071616438c94f4c.jpeg,train-20219.jpg,1,9,0
368,3839b998b8b8d035.jpeg,train-06872.jpg,10,0,0
369,6e664b6c0e0f0b1b.jpeg,train-23534.jpg,10,0,0
370,cdcce1635959beb2.jpeg,train-14895.jpg,10,0,0
371,264e4624894be0f4.jpeg,train-16007.jpg,10,0,0
372,1e96a6f3b83cf0f0.jpeg,train-04130.jpg,10,0,0
373,e9e199d9d0bcfcfc.jpeg,train-15249.jpg,10,0,0
374,c1c3a626b67767c7.jpeg,train-05502.jpg,10,0,0
375,e0e86ae4b266e599.jpeg,train-15082.jpg,7,3,0
376,f0f2debfeeb47ee4.jpeg,train-13909.jpg,4,1,5
377,a3a7e26a9833d3e3.jpeg,train-01722.jpg,7,1,2
378,e405c6e029b0e792.jpeg,train-19056.jpg,3,5,2
379,08b7661e352ad515.jpeg,train-08551.jpg,4,5,1
380,cd734649ca36bbdb.jpeg,train-08551.jpg,3,7,0
381,607c3cf435e898bc.jpeg,train-12365.jpg,2,6,2
382,070f0c0d5d142f00.jpeg,train-16616.jpg,10,0,0
383,e6e2d2da98889864.jpeg,train-21469.jpg,9,1,0
384,8eacb434cd726264.jpeg,train-20490.jpg,0,7,3
385,e405c6e029b0e792.jpeg,train-14939.jpg,2,5,3
386,f57d1ca6b2a74918.jpeg,test-03953.jpg,2,5,3
387,e56773139b29459f.jpeg,train-21469.jpg,0,9,1
388,711747e969e8c201.jpeg,train-13949.jpg,1,9,0
389,3f7d26f4c8c0c6c2.jpeg,train-02920.jpg,0,5,5
390,607c3cf435e898bc.jpeg,train-07396.jpg,5,4,1
391,72733261b09399d1.png,train-22013.jpg,7,0,3
392,b18119479772428d.jpeg,train-12617.jpg,4,6,0
393,9b593939f9f9f155.jpeg,train-03929.jpg,1,7,2
394,b18119479772428d.jpeg,train-26496.jpg,10,0,0
395,72733261b09399d1.png,test-04183.jpg,4,4,2
396,e9e199d9d0bcfcfc.jpeg,test-06513.jpg,10,0,0
397,6178783164f2f219.jpeg,train-06927.jpg,10,0,0
398,9686c3cda9f871b9.jpeg,train-16616.jpg,10,0,0
399,5a3465c949651fcf.jpeg,train-29329.jpg,6,1,3
400,79e9cc9c86849c92.jpeg,test-00420.jpg,8,2,0
401,8024cc948ca2a594.jpeg,train-01248.jpg,10,0,0
402,cdcce1635959beb2.jpeg,train-05189.jpg,10,0,0
403,1f0cb49b5f3d3f3d.png,test-02597.jpg,10,0,0
404,e9e199d9d0bcfcfc.jpeg,train-14939.jpg,10,0,0
405,4953c76c65650f1b.png,test-07353.jpg,10,0,0
406,808080a03934250b.jpeg,test-01364.jpg,6,1,3
407,3030321292b391ad.jpeg,test-01364.jpg,3,7,0
408,b4b477367563a6b6.jpeg,test-06513.jpg,3,5,2
409,340407178b880400.jpeg,train-27444.jpg,10,0,0
410,9414848d80e1c142.jpeg,test-07353.jpg,3,5,2
411,9414848d80e1c142.jpeg,train-09562.jpg,0,8,2
412,7cdcd85c8d233331.jpeg,train-13319.jpg,10,0,0
413,e405c6e029b0e792.jpeg,train-04130.jpg,5,1,4
414,a6213b2b23716969.jpeg,train-17085.jpg,9,1,0
415,08b7661e352ad515.jpeg,train-20490.jpg,5,4,1
416,1e96a6f3b83cf0f0.jpeg,train-14939.jpg,10,0,0
417,8eacb434cd726264.jpeg,train-13572.jpg,3,3,4
418,9539796523a32722.jpeg,train-00386.jpg,8,1,1
419,cdcce1635959beb2.jpeg,train-00757.jpg,4,6,0
420,d373cfff7f6f6f2d.jpeg,train-21767.jpg,8,0,2
421,4ccce4e138cd0e0b.jpeg,train-19056.jpg,9,1,0
422,00c292b11a11950b.jpeg,test-07125.jpg,10,0,0
423,3c1c3a309c940098.jpeg,train-26230.jpg,2,8,0
424,0006213919193c6c.jpeg,train-24569.jpg,2,2,6
425,0a6d6eebe9cce2e3.jpeg,train-16388.jpg,5,5,0
426,909a232c8d1a18e2.jpeg,train-17085.jpg,7,3,0
427,d6a696b6f7bb73b7.jpeg,train-30365.jpg,9,1,0
428,08b7661e352ad515.jpeg,train-04130.jpg,7,2,1
429,f57d1ca6b2a74918.jpeg,train-16007.jpg,5,2,3
430,164748c42f2b1bfc.jpeg,train-24569.jpg,7,1,2
431,6872f9f9a61e5074.jpeg,train-22051.jpg,4,2,4
432,d373cfff7f6f6f2d.jpeg,train-26496.jpg,8,1,1
433,8445b4b4ad60c080.jpeg,train-29329.jpg,3,6,1
434,3839b998b8b8d035.jpeg,train-20490.jpg,10,0,0
435,9ec8013d4466c3c1.jpeg,train-03929.jpg,4,4,2
436,6f3d2ccdcc646a6e.jpeg,train-26230.jpg,0,10,0
437,63e7c6c86872345c.jpeg,test-01906.jpg,5,3,2
438,831b9bfb3171fcd9.jpeg,train-14895.jpg,10,0,0
439,3030321292b391ad.jpeg,test-07353.jpg,1,7,2
440,280b9b682cddec9c.jpeg,train-12365.jpg,1,6,3
441,5de72ba98f62f3a3.jpeg,train-23280.jpg,7,0,3
442,164748c42f2b1bfc.jpeg,train-05189.jpg,2,7,1
443,301395c1c9cbdc56.jpeg,train-06872.jpg,7,0,3
444,3f7d26f4c8c0c6c2.jpeg,train-24696.jpg,8,0,2
445,6178783164f2f219.jpeg,train-00254.jpg,0,10,0
446,72733261b09399d1.png,train-00254.jpg,0,10,0
447,63e7c6c86872345c.jpeg,train-29898.jpg,0,10,0
448,8024cc948ca2a594.jpeg,train-17085.jpg,10,0,0
449,0e6361ee6b28eccc.jpeg,train-13319.jpg,10,0,0
450,8d0f0c6c64696961.png,test-04691.jpg,7,3,0
451,8d0f0c6c64696961.png,train-14276.jpg,10,0,0
452,195b92ca2a270626.jpeg,train-21469.jpg,10,0,0
453,d6a696b6f7bb73b7.jpeg,train-26196.jpg,1,9,0
454,65b5cb8a0a4a465a.jpeg,test-04772.jpg,9,1,0
455,1f0cb49b5f3d3f3d.png,train-25409.jpg,10,0,0
456,3839b998b8b8d035.jpeg,train-05502.jpg,10,0,0
457,e3f3f3d9e4d4ecdc.jpeg,train-22013.jpg,9,0,1
458,c1c3a626b67767c7.jpeg,train-30857.jpg,10,0,0
459,f57d1ca6b2a74918.jpeg,train-23620.jpg,1,7,2
460,c1c3a626b67767c7.jpeg,train-04162.jpg,10,0,0
461,d0f0c8e8f0d8d4e4.jpeg,train-25067.jpg,10,0,0
462,0006213919193c6c.jpeg,train-24696.jpg,4,1,5
463,bf65c51989c69959.jpeg,train-18728.jpg,0,10,0
464,6c9891318da6a92c.jpeg,train-15954.jpg,9,1,0
465,e4e4e6d2f3f2d6cc.jpeg,test-00651.jpg,10,0,0
466,1e96a6f3b83cf0f0.jpeg,test-00420.jpg,10,0,0
467,110323f2f6de0b32.jpeg,train-13319.jpg,10,0,0
468,9414848d80e1c142.jpeg,test-06513.jpg,2,5,3
469,264e4624894be0f4.jpeg,train-21767.jpg,10,0,0
470,534b4b531313637a.jpeg,train-00866.jpg,10,0,0
471,7071616438c94f4c.jpeg,train-11383.jpg,5,4,1
472,c4c13c06f271c990.jpeg,train-19056.jpg,10,0,0
473,f57d1ca6b2a74918.jpeg,train-15147.jpg,2,7,1
474,0e6361ee6b28eccc.jpeg,train-30365.jpg,9,0,1
475,e1b1e9ed676dcea9.jpeg,train-30365.jpg,2,4,4
476,c3f8fbfbef977749.jpeg,train-25580.jpg,8,0,2
477,65b5cb8a0a4a465a.jpeg,train-20219.jpg,10,0,0
478,5de72ba98f62f3a3.jpeg,test-00651.jpg,4,2,4
479,909a232c8d1a18e2.jpeg,test-06513.jpg,5,5,0
480,301395c1c9cbdc56.jpeg,train-27441.jpg,7,1,2
481,c645c3e2b69fc0f0.jpeg,train-07396.jpg,10,0,0
482,8445b4b4ad60c080.jpeg,train-18613.jpg,3,4,3
483,82e168e961da0f0c.jpeg,train-29463.jpg,10,0,0
484,5de72ba98f62f3a3.jpeg,train-29898.jpg,0,10,0
485,4ccce4e138cd0e0b.jpeg,train-26196.jpg,2,7,1
486,164748c42f2b1bfc.jpeg,test-03203.jpg,1,9,0
487,e4e4e6d2f3f2d6cc.jpeg,train-29329.jpg,9,1,0
488,6178783164f2f219.jpeg,train-29329.jpg,10,0,0
489,0a6d6eebe9cce2e3.jpeg,train-24569.jpg,1,1,8
490,b7b48dbc386300d8.jpeg,test-04183.jpg,9,1,0
491,82e168e961da0f0c.jpeg,test-08022.jpg,5,5,0
492,d6a696b6f7bb73b7.jpeg,train-23534.jpg,8,2,0
493,264e4624894be0f4.jpeg,train-01722.jpg,10,0,0
494,e1b1e9ed676dcea9.jpeg,train-16007.jpg,1,5,4
495,607c3cf435e898bc.jpeg,test-03435.jpg,9,0,1
496,6178783164f2f219.jpeg,test-04772.jpg,10,0,0
497,3030321292b391ad.jpeg,train-25206.jpg,3,3,4
498,3030321292b391ad.jpeg,test-08016.jpg,2,6,2
499,a3a7e26a9833d3e3.jpeg,train-26230.jpg,0,10,0
500,9b593939f9f9f155.jpeg,train-20219.jpg,0,9,1
501,72733261b09399d1.png,train-23280.jpg,8,0,2
502,7da193a1390ca8d4.jpeg,train-14939.jpg,10,0,0
503,fce0c2c693cccccc.jpeg,train-13909.jpg,9,1,0
504,0e6361ee6b28eccc.jpeg,train-29898.jpg,1,9,0
505,301395c1c9cbdc56.jpeg,train-11383.jpg,5,3,2
506,0006213919193c6c.jpeg,test-03087.jpg,0,9,1
507,7071616438c94f4c.jpeg,train-16388.jpg,1,6,3
508,a6262e3ec1187232.jpeg,train-26496.jpg,8,0,2
509,c3f8fbfbef977749.jpeg,train-25206.jpg,3,1,6
510,7071616438c94f4c.jpeg,train-07396.jpg,4,5,1
511,534b4b531313637a.jpeg,train-06927.jpg,8,2,0
512,808080a03934250b.jpeg,train-29463.jpg,9,0,1
513,e56773139b29459f.jpeg,train-14276.jpg,0,10,0
514,070f0c0d5d142f00.jpeg,train-13572.jpg,10,0,0
515,c5e4e4e2e6e6f0c8.jpeg,test-08151.jpg,4,5,1
516,0a6d6eebe9cce2e3.jpeg,train-01722.jpg,1,6,3
517,7ce46978787b33d1.jpeg,test-03203.jpg,0,8,2
518,e0c0e060908d0799.jpeg,train-25580.jpg,10,0,0
519,00c292b11a11950b.jpeg,train-16007.jpg,10,0,0
520,c4c13c06f271c990.jpeg,test-03087.jpg,10,0,0
521,ee76631898b41d49.jpeg,train-27444.jpg,6,0,4
522,79e9cc9c86849c92.jpeg,train-12365.jpg,2,6,2
523,164748c42f2b1bfc.jpeg,train-21469.jpg,2,8,0
524,3f7d26f4c8c0c6c2.jpeg,train-00757.jpg,0,10,0
525,264e4624894be0f4.jpeg,train-09757.jpg,10,0,0
526,7cdcd85c8d233331.jpeg,test-07714.jpg,10,0,0
527,848a838282b28e62.jpeg,train-29877.jpg,10,0,0
528,7ce46978787b33d1.jpeg,train-07396.jpg,6,2,2
529,fce0c2c693cccccc.jpeg,test-03953.jpg,10,0,0
530,f3e7e7e5e7c5e1ee.jpeg,train-08226.jpg,0,4,6
531,3c1c3a309c940098.jpeg,train-23620.jpg,10,0,0
532,8eacb434cd726264.jpeg,train-00757.jpg,0,10,0
533,a3a7e26a9833d3e3.jpeg,test-08151.jpg,2,8,0
534,a6213b2b23716969.jpeg,train-16007.jpg,10,0,0
535,5de72ba98f62f3a3.jpeg,train-01722.jpg,5,3,2
536,0a6d6eebe9cce2e3.jpeg,train-03670.jpg,3,0,7
537,7cdcd85c8d233331.jpeg,train-26496.jpg,10,0,0
538,4ccce4e138cd0e0b.jpeg,test-04183.jpg,10,0,0
539,c565636d6dad6be5.jpeg,test-06513.jpg,1,9,0
540,c565636d6dad6be5.jpeg,train-15147.jpg,1,9,0
541,dc5a5e8f7c63c2d6.jpeg,train-06872.jpg,10,0,0
542,dc5a5e8f7c63c2d6.jpeg,train-23620.jpg,10,0,0
543,1f0cb49b5f3d3f3d.png,test-06513.jpg,10,0,0
544,1c74d180e6f0983c.jpeg,train-21469.jpg,9,1,0
545,e0d0797e5e16a6ae.jpeg,train-18728.jpg,0,10,0
546,4ccce4e138cd0e0b.jpeg,test-08016.jpg,10,0,0
547,070f0c0d5d142f00.jpeg,train-29329.jpg,10,0,0
548,ac8c94bcb4f0f22b.jpeg,train-03670.jpg,0,1,9
549,18003d5ee6f80069.jpeg,train-21469.jpg,0,6,4
550,a6262e3ec1187232.jpeg,train-17085.jpg,8,1,1
551,e0c0e060908d0799.jpeg,test-02791.jpg,10,0,0
552,070f0c0d5d142f00.jpeg,train-00576.jpg,10,0,0
553,6178783164f2f219.jpeg,test-02791.jpg,10,0,0
554,6178783164f2f219.jpeg,train-01248.jpg,10,0,0
555,9414848d80e1c142.jpeg,train-15147.jpg,5,5,0
556,484a4a4205826cd8.jpeg,train-00866.jpg,7,2,1
557,1c74d180e6f0983c.jpeg,train-15147.jpg,10,0,0
558,808080a03934250b.jpeg,train-17671.jpg,6,0,4
559,7cdcd85c8d233331.jpeg,train-09757.jpg,10,0,0
560,6e664b6c0e0f0b1b.jpeg,train-03929.jpg,10,0,0
561,808080a03934250b.jpeg,test-02597.jpg,3,7,0
562,607c3cf435e898bc.jpeg,train-26230.jpg,0,10,0
563,6f3d2ccdcc646a6e.jpeg,train-29329.jpg,10,0,0
564,dc5a5e8f7c63c2d6.jpeg,train-29463.jpg,10,0,0
565,e9e199d9d0bcfcfc.jpeg,test-01906.jpg,10,0,0
566,3839b998b8b8d035.jpeg,train-18728.jpg,3,5,2
567,909a232c8d1a18e2.jpeg,train-05189.jpg,8,2,0
568,c565636d6dad6be5.jpeg,train-11383.jpg,4,4,2
569,c8d952d6c353d398.jpeg,train-08226.jpg,5,2,3
570,a6262e3ec1187232.jpeg,train-25409.jpg,10,0,0
571,808080a03934250b.jpeg,test-04183.jpg,4,3,3
572,070f0c0d5d142f00.jpeg,train-13949.jpg,2,7,1
573,18003d5ee6f80069.jpeg,train-26196.jpg,0,10,0
574,82e168e961da0f0c.jpeg,train-14271.jpg,5,1,4
575,b4f1d9cd534c2958.jpeg,train-23280.jpg,10,0,0
576,4ccce4e138cd0e0b.jpeg,test-03159.jpg,10,0,0
577,1e96a6f3b83cf0f0.jpeg,train-22051.jpg,10,0,0
578,e56773139b29459f.jpeg,train-23068.jpg,4,4,2
579,79e9cc9c86849c92.jpeg,test-01364.jpg,5,5,0
580,195b92ca2a270626.jpeg,train-30365.jpg,10,0,0
581,8445b4b4ad60c080.jpeg,test-01906.jpg,7,2,1
582,08b7661e352ad515.jpeg,train-16007.jpg,6,2,2
583,8d0f0c6c64696961.png,train-27441.jpg,10,0,0
584,6f3d2ccdcc646a6e.jpeg,test-03953.jpg,8,2,0
585,c1c3a626b67767c7.jpeg,test-03435.jpg,10,0,0
586,3839b998b8b8d035.jpeg,test-08016.jpg,10,0,0
587,78e2e1f08ccbcfd7.jpeg,train-25067.jpg,4,2,4
588,f57d1ca6b2a74918.jpeg,test-01364.jpg,2,4,4
589,7cdcd85c8d233331.jpeg,train-23534.jpg,10,0,0
590,c645c3e2b69fc0f0.jpeg,train-04130.jpg,9,0,1
591,263230143a312133.jpeg,train-15954.jpg,10,0,0
592,301395c1c9cbdc56.jpeg,test-03159.jpg,7,1,2
593,607c3cf435e898bc.jpeg,train-29281.jpg,4,5,1
594,9ec8013d4466c3c1.jpeg,test-03087.jpg,2,7,1
595,e405c6e029b0e792.jpeg,train-03670.jpg,6,0,4
596,c8d952d6c353d398.jpeg,train-01722.jpg,4,0,6
597,6f3d2ccdcc646a6e.jpeg,test-08151.jpg,9,1,0
598,fce0c2c693cccccc.jpeg,train-18613.jpg,9,1,0
599,08b7661e352ad515.jpeg,test-03159.jpg,3,4,3
600,4ccce4e138cd0e0b.jpeg,train-27444.jpg,10,0,0
601,0006213919193c6c.jpeg,train-13645.jpg,1,5,4
602,e6e2d2da98889864.jpeg,train-13572.jpg,8,0,2
603,c8d952d6c353d398.jpeg,test-07353.jpg,3,2,5
604,6872f9f9a61e5074.jpeg,train-15082.jpg,4,5,1
605,6c9891318da6a92c.jpeg,train-25206.jpg,10,0,0
606,195b92ca2a270626.jpeg,train-29281.jpg,10,0,0
607,63e7c6c86872345c.jpeg,train-00386.jpg,0,10,0
608,3c1c3a309c940098.jpeg,train-00866.jpg,10,0,0
609,c5e4e4e2e6e6f0c8.jpeg,train-07396.jpg,7,3,0
610,5de72ba98f62f3a3.jpeg,test-03087.jpg,1,7,2
611,ac8c94bcb4f0f22b.jpeg,train-14895.jpg,0,9,1
612,0006213919193c6c.jpeg,train-13319.jpg,1,6,3
613,301395c1c9cbdc56.jpeg,train-03670.jpg,5,1,4
614,070f0c0d5d142f00.jpeg,train-13319.jpg,10,0,0
615,ac8c94bcb4f0f22b.jpeg,train-25409.jpg,1,2,7
616,c3f8fbfbef977749.jpeg,train-23068.jpg,5,5,0
617,d0f0c8e8f0d8d4e4.jpeg,test-08022.jpg,10,0,0
618,a6262e3ec1187232.jpeg,train-13645.jpg,9,1,0
619,e0d0797e5e16a6ae.jpeg,train-00576.jpg,10,0,0
620,e0c0e060908d0799.jpeg,test-03816.jpg,10,0,0
621,66e6e6218dc9e0b9.png,test-07125.jpg,9,0,1
622,e405c6e029b0e792.jpeg,train-26496.jpg,1,8,1
623,f0f2debfeeb47ee4.jpeg,test-07353.jpg,4,4,2
624,1c74d180e6f0983c.jpeg,train-30857.jpg,10,0,0
625,3030321292b391ad.jpeg,train-29463.jpg,5,0,5
626,8eacb434cd726264.jpeg,train-21767.jpg,1,6,3
627,164748c42f2b1bfc.jpeg,test-01906.jpg,3,3,4
628,9686c3cda9f871b9.jpeg,train-04162.jpg,10,0,0
629,e4e4e6d2f3f2d6cc.jpeg,test-03816.jpg,10,0,0
630,c5e4e4e2e6e6f0c8.jpeg,test-00651.jpg,7,1,2
631,08b7661e352ad515.jpeg,test-02791.jpg,5,4,1
632,c3f8fbfbef977749.jpeg,train-18708.jpg,4,5,1
633,831b9bfb3171fcd9.jpeg,test-08151.jpg,9,1,0
634,7071616438c94f4c.jpeg,train-09757.jpg,4,3,3
635,e3f3f3d9e4d4ecdc.jpeg,test-06513.jpg,10,0,0
636,7071616438c94f4c.jpeg,train-29463.jpg,6,0,4
637,e4e4e6d2f3f2d6cc.jpeg,train-05189.jpg,10,0,0
638,909a232c8d1a18e2.jpeg,train-27441.jpg,9,1,0
639,c0e060ecb870677e.jpeg,train-15249.jpg,4,5,1
640,cd734649ca36bbdb.jpeg,train-04162.jpg,4,3,3
641,a6213b2b23716969.jpeg,train-06872.jpg,10,0,0
642,9414848d80e1c142.jpeg,train-05502.jpg,0,6,4
643,195b92ca2a270626.jpeg,train-18708.jpg,10,0,0
644,534b4b531313637a.jpeg,train-14271.jpg,8,1,1
645,9ec8013d4466c3c1.jpeg,train-25409.jpg,6,2,2
646,9686c3cda9f871b9.jpeg,test-07353.jpg,9,1,0
647,f0e0ecd979b0954d.jpeg,train-09562.jpg,5,3,2
648,c645c3e2b69fc0f0.jpeg,test-04183.jpg,10,0,0
649,6279f9e5e16b4945.jpeg,train-06872.jpg,10,0,0
650,534b4b531313637a.jpeg,train-25409.jpg,7,2,1
651,e1b1e9ed676dcea9.jpeg,test-03816.jpg,2,5,3
652,3c1c3a309c940098.jpeg,train-13949.jpg,5,5,0
653,79e9cc9c86849c92.jpeg,train-23280.jpg,5,1,4
654,f37164a4d456dbf8.jpeg,train-27444.jpg,5,0,5
655,a6262e3ec1187232.jpeg,test-02791.jpg,9,0,1
656,280b9b682cddec9c.jpeg,train-25580.jpg,4,0,6
657,e0c0e060908d0799.jpeg,train-02920.jpg,10,0,0
658,264e4624894be0f4.jpeg,train-00866.jpg,10,0,0
659,b7b48dbc386300d8.jpeg,test-00420.jpg,10,0,0
660,c4c13c06f271c990.jpeg,train-25206.jpg,9,1,0
661,cd734649ca36bbdb.jpeg,train-13645.jpg,2,3,5
662,a3a7e26a9833d3e3.jpeg,train-19056.jpg,8,2,0
663,280b9b682cddec9c.jpeg,test-08022.jpg,0,8,2
664,f3e7e7e5e7c5e1ee.jpeg,train-21767.jpg,0,5,5
665,d373cfff7f6f6f2d.jpeg,train-00576.jpg,9,0,1
666,831b9bfb3171fcd9.jpeg,train-24696.jpg,10,0,0
667,8024cc948ca2a594.jpeg,train-26496.jpg,9,1,0
668,831b9bfb3171fcd9.jpeg,train-25409.jpg,10,0,0
669,1e96a6f3b83cf0f0.jpeg,train-23280.jpg,10,0,0
670,280b9b682cddec9c.jpeg,train-21469.jpg,0,7,3
671,4953c76c65650f1b.png,train-29877.jpg,10,0,0
672,195b92ca2a270626.jpeg,train-15082.jpg,10,0,0
673,164748c42f2b1bfc.jpeg,test-08022.jpg,3,7,0
674,6872f9f9a61e5074.jpeg,train-30857.jpg,7,0,3
675,b4f1d9cd534c2958.jpeg,test-08022.jpg,8,2,0
676,c5e4e4e2e6e6f0c8.jpeg,train-11329.jpg,4,6,0
677,0006213919193c6c.jpeg,train-00576.jpg,2,0,8
678,00c292b11a11950b.jpeg,train-20490.jpg,10,0,0
679,65b5cb8a0a4a465a.jpeg,train-13572.jpg,10,0,0
680,534b4b531313637a.jpeg,train-18613.jpg,9,0,1
681,e1b1e9ed676dcea9.jpeg,train-27441.jpg,2,6,2
682,848a838282b28e62.jpeg,test-01364.jpg,9,1,0
683,e0d0797e5e16a6ae.jpeg,train-09562.jpg,8,2,0
684,dc5a5e8f7c63c2d6.jpeg,train-14895.jpg,10,0,0
685,fce0c2c693cccccc.jpeg,train-07396.jpg,9,1,0
686,1e96a6f3b83cf0f0.jpeg,train-08226.jpg,10,0,0
687,c1c3a626b67767c7.jpeg,train-00576.jpg,10,0,0
688,263230143a312133.jpeg,train-22013.jpg,10,0,0
689,7da193a1390ca8d4.jpeg,train-26196.jpg,0,10,0
690,9b593939f9f9f155.jpeg,train-22013.jpg,5,0,5
691,82e168e961da0f0c.jpeg,train-23534.jpg,6,2,2
692,cd734649ca36bbdb.jpeg,train-11329.jpg,3,4,3
693,5a3465c949651fcf.jpeg,train-16388.jpg,5,1,4
694,280b9b682cddec9c.jpeg,train-24569.jpg,2,3,5
695,5a3465c949651fcf.jpeg,train-27441.jpg,6,1,3
696,c565636d6dad6be5.jpeg,train-20219.jpg,1,9,0
697,8eacb434cd726264.jpeg,test-08022.jpg,0,5,5
698,0a6d6eebe9cce2e3.jpeg,test-07353.jpg,1,6,3
699,6279f9e5e16b4945.jpeg,train-05502.jpg,9,1,0
700,8024cc948ca2a594.jpeg,train-27444.jpg,10,0,0
701,263230143a312133.jpeg,train-03929.jpg,10,0,0
702,d373cfff7f6f6f2d.jpeg,train-27444.jpg,10,0,0
703,6178783164f2f219.jpeg,train-07396.jpg,10,0,0
704,82e168e961da0f0c.jpeg,train-18613.jpg,8,1,1
705,280b9b682cddec9c.jpeg,train-11329.jpg,3,3,4
706,263230143a312133.jpeg,train-11383.jpg,10,0,0
707,7ce46978787b33d1.jpeg,train-23534.jpg,5,4,1
708,c4c13c06f271c990.jpeg,train-24679.jpg,10,0,0
709,110323f2f6de0b32.jpeg,test-03159.jpg,10,0,0
710,607c3cf435e898bc.jpeg,test-01364.jpg,4,4,2
711,1e96a6f3b83cf0f0.jpeg,test-04772.jpg,10,0,0
712,c8d952d6c353d398.jpeg,test-03203.jpg,1,7,2
713,6c9891318da6a92c.jpeg,test-03953.jpg,10,0,0
714,78e2e1f08ccbcfd7.jpeg,train-14276.jpg,4,3,3
715,e4e4e6d2f3f2d6cc.jpeg,train-13572.jpg,10,0,0
716,8d0f0c6c64696961.png,train-12365.jpg,10,0,0
717,f0f2debfeeb47ee4.jpeg,train-00866.jpg,5,0,5
718,c0e060ecb870677e.jpeg,train-15954.jpg,3,7,0
719,e6e2d2da98889864.jpeg,train-29281.jpg,5,1,4
720,7da193a1390ca8d4.jpeg,train-29877.jpg,10,0,0
721,9b593939f9f9f155.jpeg,train-00254.jpg,0,10,0
722,72733261b09399d1.png,train-08226.jpg,6,2,2
723,cd734649ca36bbdb.jpeg,test-04183.jpg,2,4,4
724,f0e0ecd979b0954d.jpeg,train-27444.jpg,8,0,2
725,82e168e961da0f0c.jpeg,train-23068.jpg,9,0,1
726,63e7c6c86872345c.jpeg,train-24679.jpg,1,7,2
727,340407178b880400.jpeg,test-03159.jpg,10,0,0
728,848a838282b28e62.jpeg,train-23620.jpg,10,0,0
729,65b5cb8a0a4a465a.jpeg,train-29463.jpg,10,0,0
730,808080a03934250b.jpeg,train-16616.jpg,5,4,1
731,f37164a4d456dbf8.jpeg,train-00386.jpg,1,9,0
732,8445b4b4ad60c080.jpeg,train-24569.jpg,3,3,4
733,6e664b6c0e0f0b1b.jpeg,train-29463.jpg,10,0,0
734,cd734649ca36bbdb.jpeg,train-25067.jpg,2,3,5
735,3839b998b8b8d035.jpeg,train-01248.jpg,10,0,0
736,711747e969e8c201.jpeg,test-06513.jpg,7,3,0
737,c4c13c06f271c990.jpeg,train-02920.jpg,10,0,0
738,e9e199d9d0bcfcfc.jpeg,test-03159.jpg,10,0,0
739,65b5cb8a0a4a465a.jpeg,train-23534.jpg,10,0,0
740,08b7661e352ad515.jpeg,train-02920.jpg,6,3,1
741,e56773139b29459f.jpeg,train-00386.jpg,0,10,0
742,1e96a6f3b83cf0f0.jpeg,train-03670.jpg,10,0,0
743,a3a7e26a9833d3e3.jpeg,train-23620.jpg,4,5,1
744,d373cfff7f6f6f2d.jpeg,train-06927.jpg,8,0,2
745,4953c76c65650f1b.png,train-27441.jpg,10,0,0
746,1c74d180e6f0983c.jpeg,train-22013.jpg,10,0,0
747,0006213919193c6c.jpeg,train-00386.jpg,0,10,0
748,1c74d180e6f0983c.jpeg,train-00757.jpg,1,9,0
749,d373cfff7f6f6f2d.jpeg,train-22013.jpg,10,0,0
750,c5e4e4e2e6e6f0c8.jpeg,train-29877.jpg,7,0,3
751,b7b48dbc386300d8.jpeg,train-09562.jpg,10,0,0
752,7ce46978787b33d1.jpeg,train-25409.jpg,5,1,4
753,c4c13c06f271c990.jpeg,train-11329.jpg,9,1,0
754,78e2e1f08ccbcfd7.jpeg,train-29281.jpg,6,2,2
755,79e9cc9c86849c92.jpeg,test-07125.jpg,8,0,2
756,484a4a4205826cd8.jpeg,train-14271.jpg,7,2,1
757,8445b4b4ad60c080.jpeg,train-12365.jpg,3,6,1
758,7da193a1390ca8d4.jpeg,train-22051.jpg,10,0,0
759,78e2e1f08ccbcfd7.jpeg,train-26496.jpg,2,6,2
760,3f7d26f4c8c0c6c2.jpeg,train-15249.jpg,1,6,3
761,4953c76c65650f1b.png,train-08226.jpg,10,0,0
762,b4b477367563a6b6.jpeg,train-00576.jpg,7,1,2
763,6c9891318da6a92c.jpeg,train-00254.jpg,1,9,0
764,3c1c3a309c940098.jpeg,train-13645.jpg,10,0,0
765,f37164a4d456dbf8.jpeg,train-13645.jpg,2,4,4
766,808080a03934250b.jpeg,train-11080.jpg,3,7,0
767,f0f2debfeeb47ee4.jpeg,train-00254.jpg,0,10,0
768,0006213919193c6c.jpeg,train-12617.jpg,0,10,0
769,f3e7e7e5e7c5e1ee.jpeg,train-12617.jpg,0,10,0
770,e0d0797e5e16a6ae.jpeg,train-28380.jpg,1,9,0
771,607c3cf435e898bc.jpeg,train-13572.jpg,7,1,2
772,b4b477367563a6b6.jpeg,train-21767.jpg,1,4,5
773,63e7c6c86872345c.jpeg,train-16007.jpg,3,0,7
774,607c3cf435e898bc.jpeg,train-25206.jpg,6,1,3
775,66e6e6218dc9e0b9.png,test-03816.jpg,4,4,2
776,808080a03934250b.jpeg,train-13319.jpg,4,2,4
777,3839b998b8b8d035.jpeg,train-30365.jpg,10,0,0
778,711747e969e8c201.jpeg,train-20490.jpg,8,2,0
779,d6a696b6f7bb73b7.jpeg,train-28380.jpg,1,9,0
780,f3e7e7e5e7c5e1ee.jpeg,test-07125.jpg,2,1,7
781,65b5cb8a0a4a465a.jpeg,train-01248.jpg,10,0,0
782,b4b477367563a6b6.jpeg,train-29329.jpg,1,6,3
783,7cdcd85c8d233331.jpeg,train-25409.jpg,10,0,0
784,dc5a5e8f7c63c2d6.jpeg,train-18708.jpg,10,0,0
785,d373cfff7f6f6f2d.jpeg,train-09757.jpg,10,0,0
786,d6a696b6f7bb73b7.jpeg,train-17085.jpg,10,0,0
787,e1b1e9ed676dcea9.jpeg,test-03435.jpg,1,5,4
788,3f7d26f4c8c0c6c2.jpeg,train-20219.jpg,1,6,3
789,c565636d6dad6be5.jpeg,test-02597.jpg,1,7,2
790,e0e86ae4b266e599.jpeg,test-08151.jpg,6,4,0
791,e56773139b29459f.jpeg,test-08151.jpg,0,9,1
792,340407178b880400.jpeg,test-02597.jpg,10,0,0
793,110323f2f6de0b32.jpeg,train-01248.jpg,10,0,0
794,6279f9e5e16b4945.jpeg,test-03816.jpg,10,0,0
795,7da193a1390ca8d4.jpeg,test-01906.jpg,8,2,0
796,8024cc948ca2a594.jpeg,train-11080.jpg,9,0,1
797,ee76631898b41d49.jpeg,train-18708.jpg,1,7,2
798,b4f1d9cd534c2958.jpeg,train-17671.jpg,10,0,0
799,63e7c6c86872345c.jpeg,train-26196.jpg,0,10,0
800,66e6e6218dc9e0b9.png,train-27441.jpg,5,4,1
801,808080a03934250b.jpeg,train-05502.jpg,3,6,1
802,831b9bfb3171fcd9.jpeg,train-16388.jpg,10,0,0
803,848a838282b28e62.jpeg,train-01722.jpg,10,0,0
804,a3a7e26a9833d3e3.jpeg,train-12617.jpg,0,10,0
805,5a3465c949651fcf.jpeg,train-11383.jpg,5,2,3
806,18003d5ee6f80069.jpeg,train-11329.jpg,0,7,3
807,d6a696b6f7bb73b7.jpeg,train-14271.jpg,9,1,0
808,5de72ba98f62f3a3.jpeg,train-24679.jpg,6,4,0
809,18003d5ee6f80069.jpeg,test-07125.jpg,7,0,3
810,fce0c2c693cccccc.jpeg,train-28380.jpg,3,7,0
811,e4e4e6d2f3f2d6cc.jpeg,test-03087.jpg,10,0,0
812,e6e2d2da98889864.jpeg,train-22051.jpg,6,2,2
813,9686c3cda9f871b9.jpeg,train-29281.jpg,10,0,0
814,ac8c94bcb4f0f22b.jpeg,train-13909.jpg,0,7,3
815,340407178b880400.jpeg,train-12365.jpg,10,0,0
816,00c292b11a11950b.jpeg,train-28380.jpg,5,5,0
817,7da193a1390ca8d4.jpeg,train-01248.jpg,7,3,0
818,e4e4e6d2f3f2d6cc.jpeg,train-16616.jpg,10,0,0
819,1e96a6f3b83cf0f0.jpeg,train-30857.jpg,10,0,0
820,c0e060ecb870677e.jpeg,train-26196.jpg,1,9,0
821,cdcce1635959beb2.jpeg,train-16388.jpg,10,0,0
822,b4f1d9cd534c2958.jpeg,train-29281.jpg,10,0,0
823,848a838282b28e62.jpeg,test-06513.jpg,8,2,0
824,9b593939f9f9f155.jpeg,test-07714.jpg,1,6,3
825,9ec8013d4466c3c1.jpeg,train-29281.jpg,5,4,1
826,6e664b6c0e0f0b1b.jpeg,train-16616.jpg,9,1,0
827,cd734649ca36bbdb.jpeg,train-15147.jpg,2,6,2
828,484a4a4205826cd8.jpeg,train-27444.jpg,9,0,1
829,c645c3e2b69fc0f0.jpeg,test-08022.jpg,7,3,0
830,340407178b880400.jpeg,train-23068.jpg,10,0,0
831,7cdcd85c8d233331.jpeg,train-11329.jpg,10,0,0
832,8d0f0c6c64696961.png,train-21767.jpg,10,0,0
833,5de72ba98f62f3a3.jpeg,train-03929.jpg,8,1,1
834,8024cc948ca2a594.jpeg,train-04162.jpg,10,0,0
835,f37164a4d456dbf8.jpeg,train-14939.jpg,3,5,2
836,b4b477367563a6b6.jpeg,train-29281.jpg,2,5,3
837,bf65c51989c69959.jpeg,train-27444.jpg,8,1,1
838,63e7c6c86872345c.jpeg,train-19056.jpg,1,4,5
839,66e6e6218dc9e0b9.png,train-06927.jpg,4,5,1
840,3f7d26f4c8c0c6c2.jpeg,train-29898.jpg,0,10,0
841,711747e969e8c201.jpeg,train-02920.jpg,8,2,0
842,909a232c8d1a18e2.jpeg,test-00651.jpg,7,3,0
843,e3f3f3d9e4d4ecdc.jpeg,train-26196.jpg,1,8,1
844,fce0c2c693cccccc.jpeg,train-24679.jpg,8,2,0
845,831b9bfb3171fcd9.jpeg,train-11080.jpg,10,0,0
846,5de72ba98f62f3a3.jpeg,test-03159.jpg,6,1,3
847,164748c42f2b1bfc.jpeg,train-02920.jpg,6,3,1
848,ee76631898b41d49.jpeg,train-04162.jpg,0,7,3
849,484a4a4205826cd8.jpeg,train-05189.jpg,4,5,1
850,711747e969e8c201.jpeg,train-12617.jpg,0,10,0
851,8024cc948ca2a594.jpeg,train-14895.jpg,10,0,0
852,0a6d6eebe9cce2e3.jpeg,train-25580.jpg,4,0,6
853,7cdcd85c8d233331.jpeg,train-26230.jpg,1,9,0
854,6279f9e5e16b4945.jpeg,test-03435.jpg,10,0,0
855,7071616438c94f4c.jpeg,train-06872.jpg,4,1,5
856,cd734649ca36bbdb.jpeg,train-18613.jpg,3,3,4
857,79e9cc9c86849c92.jpeg,train-13949.jpg,0,10,0
858,9414848d80e1c142.jpeg,train-14271.jpg,4,2,4
859,f37164a4d456dbf8.jpeg,train-00576.jpg,6,1,3
860,c565636d6dad6be5.jpeg,train-11080.jpg,2,7,1
861,66e6e6218dc9e0b9.png,train-24569.jpg,6,2,2
862,cdcce1635959beb2.jpeg,train-13909.jpg,10,0,0
863,d0f0c8e8f0d8d4e4.jpeg,train-03929.jpg,10,0,0
864,3f7d26f4c8c0c6c2.jpeg,test-07353.jpg,3,6,1
865,f0e0ecd979b0954d.jpeg,test-03816.jpg,6,2,2
866,6c9891318da6a92c.jpeg,train-29329.jpg,10,0,0
867,b18119479772428d.jpeg,train-24679.jpg,10,0,0
868,301395c1c9cbdc56.jpeg,train-04130.jpg,7,0,3
869,6f3d2ccdcc646a6e.jpeg,train-26196.jpg,2,8,0
870,6c9891318da6a92c.jpeg,train-13572.jpg,10,0,0
871,a6213b2b23716969.jpeg,train-11383.jpg,10,0,0
872,a6213b2b23716969.jpeg,train-03670.jpg,10,0,0
873,18003d5ee6f80069.jpeg,train-01722.jpg,1,7,2
874,6279f9e5e16b4945.jpeg,train-13645.jpg,10,0,0
875,6c9891318da6a92c.jpeg,train-26496.jpg,10,0,0
876,c0e060ecb870677e.jpeg,train-22051.jpg,7,2,1
877,195b92ca2a270626.jpeg,test-07125.jpg,10,0,0
878,484a4a4205826cd8.jpeg,train-26230.jpg,0,10,0
879,1f0cb49b5f3d3f3d.png,test-08022.jpg,10,0,0
880,00c292b11a11950b.jpeg,train-06927.jpg,10,0,0
881,711747e969e8c201.jpeg,test-04772.jpg,6,4,0
882,9539796523a32722.jpeg,train-08226.jpg,10,0,0
883,7cdcd85c8d233331.jpeg,train-20219.jpg,10,0,0
884,e405c6e029b0e792.jpeg,train-12617.jpg,0,10,0
885,f57d1ca6b2a74918.jpeg,train-15954.jpg,0,7,3
886,6872f9f9a61e5074.jpeg,train-13319.jpg,6,2,2
887,9686c3cda9f871b9.jpeg,train-00866.jpg,10,0,0
888,a6262e3ec1187232.jpeg,test-04691.jpg,3,7,0
889,070f0c0d5d142f00.jpeg,train-06872.jpg,10,0,0
890,3c1c3a309c940098.jpeg,train-18708.jpg,10,0,0
891,cdcce1635959beb2.jpeg,test-02597.jpg,10,0,0
892,6e664b6c0e0f0b1b.jpeg,train-26230.jpg,2,6,2
893,195b92ca2a270626.jpeg,train-15147.jpg,10,0,0
894,fce0c2c693cccccc.jpeg,train-14895.jpg,7,3,0
895,b4f1d9cd534c2958.jpeg,test-03159.jpg,8,0,2
896,b7b48dbc386300d8.jpeg,test-08016.jpg,9,1,0
897,79e9cc9c86849c92.jpeg,train-25409.jpg,6,3,1
898,280b9b682cddec9c.jpeg,test-02791.jpg,5,1,4
899,9ec8013d4466c3c1.jpeg,test-02597.jpg,2,8,0
900,848a838282b28e62.jpeg,train-15082.jpg,8,2,0
901,c565636d6dad6be5.jpeg,train-25580.jpg,3,2,5
902,534b4b531313637a.jpeg,test-08151.jpg,9,1,0
903,f3e7e7e5e7c5e1ee.jpeg,train-16388.jpg,0,7,3
904,e0e86ae4b266e599.jpeg,train-24569.jpg,9,0,1
905,1f0cb49b5f3d3f3d.png,train-25067.jpg,10,0,0
906,82e168e961da0f0c.jpeg,train-25580.jpg,9,0,1
907,7ce46978787b33d1.jpeg,train-17085.jpg,4,3,3
908,4953c76c65650f1b.png,train-09757.jpg,10,0,0
909,9414848d80e1c142.jpeg,train-14895.jpg,0,9,1
910,301395c1c9cbdc56.jpeg,train-14939.jpg,6,1,3
911,110323f2f6de0b32.jpeg,train-22013.jpg,10,0,0
912,5a3465c949651fcf.jpeg,train-12617.jpg,0,10,0
913,110323f2f6de0b32.jpeg,train-14271.jpg,10,0,0
914,e0d0797e5e16a6ae.jpeg,train-11329.jpg,9,1,0
915,ac8c94bcb4f0f22b.jpeg,test-08151.jpg,1,8,1
916,78e2e1f08ccbcfd7.jpeg,train-19056.jpg,5,2,3
917,9414848d80e1c142.jpeg,train-29877.jpg,5,0,5
918,e9e199d9d0bcfcfc.jpeg,train-04130.jpg,10,0,0
919,fce0c2c693cccccc.jpeg,train-25409.jpg,10,0,0
920,4ccce4e138cd0e0b.jpeg,train-17671.jpg,10,0,0
921,c565636d6dad6be5.jpeg,train-23280.jpg,3,5,2
922,6178783164f2f219.jpeg,train-24696.jpg,10,0,0
923,6f3d2ccdcc646a6e.jpeg,train-13645.jpg,10,0,0
924,1f0cb49b5f3d3f3d.png,train-30365.jpg,9,1,0
925,e56773139b29459f.jpeg,train-25067.jpg,0,8,2
926,79e9cc9c86849c92.jpeg,test-04691.jpg,1,8,1
927,3c1c3a309c940098.jpeg,test-00651.jpg,9,1,0
928,8445b4b4ad60c080.jpeg,train-16007.jpg,6,2,2
929,d373cfff7f6f6f2d.jpeg,train-23280.jpg,10,0,0
930,0a6d6eebe9cce2e3.jpeg,train-13949.jpg,0,10,0
931,7da193a1390ca8d4.jpeg,train-14271.jpg,10,0,0
932,ac8c94bcb4f0f22b.jpeg,train-25206.jpg,0,4,6
933,78e2e1f08ccbcfd7.jpeg,train-29898.jpg,1,9,0
934,1c74d180e6f0983c.jpeg,train-23534.jpg,10,0,0
935,f0e0ecd979b0954d.jpeg,train-01248.jpg,5,2,3
936,6f3d2ccdcc646a6e.jpeg,train-16388.jpg,10,0,0
937,e3f3f3d9e4d4ecdc.jpeg,train-24696.jpg,10,0,0
938,b4b477367563a6b6.jpeg,train-27441.jpg,6,4,0
939,9686c3cda9f871b9.jpeg,train-13949.jpg,6,4,0
940,3030321292b391ad.jpeg,train-16388.jpg,1,7,2
941,5a3465c949651fcf.jpeg,test-07125.jpg,7,0,3
942,b4f1d9cd534c2958.jpeg,test-03087.jpg,5,5,0
943,280b9b682cddec9c.jpeg,train-17671.jpg,6,0,4
944,00c292b11a11950b.jpeg,test-03087.jpg,8,2,0
945,ac8c94bcb4f0f22b.jpeg,train-15082.jpg,0,7,3
946,f3e7e7e5e7c5e1ee.jpeg,train-24679.jpg,0,9,1
947,e0c0e060908d0799.jpeg,train-15249.jpg,9,1,0
948,711747e969e8c201.jpeg,train-13645.jpg,6,4,0
949,e0d0797e5e16a6ae.jpeg,train-04162.jpg,9,1,0
950,a6213b2b23716969.jpeg,test-03435.jpg,10,0,0
951,263230143a312133.jpeg,train-14271.jpg,10,0,0
952,d6a696b6f7bb73b7.jpeg,train-23620.jpg,8,2,0
953,ee76631898b41d49.jpeg,train-16616.jpg,2,5,3
954,a3a7e26a9833d3e3.jpeg,train-25206.jpg,6,4,0
955,cdcce1635959beb2.jpeg,test-04772.jpg,10,0,0
956,195b92ca2a270626.jpeg,train-14939.jpg,10,0,0
957,b18119479772428d.jpeg,test-01906.jpg,10,0,0
958,6c9891318da6a92c.jpeg,train-26196.jpg,1,9,0
959,9b593939f9f9f155.jpeg,train-23534.jpg,1,8,1
960,f3e7e7e5e7c5e1ee.jpeg,train-28380.jpg,0,10,0
961,6f3d2ccdcc646a6e.jpeg,train-25580.jpg,10,0,0
962,e405c6e029b0e792.jpeg,train-02920.jpg,2,5,3
963,6872f9f9a61e5074.jpeg,train-15249.jpg,5,5,0
964,ee76631898b41d49.jpeg,train-14939.jpg,3,4,3
965,7ce46978787b33d1.jpeg,train-00386.jpg,0,10,0
966,c5e4e4e2e6e6f0c8.jpeg,train-17671.jpg,8,0,2
967,65b5cb8a0a4a465a.jpeg,train-12365.jpg,10,0,0
968,8eacb434cd726264.jpeg,test-03953.jpg,0,9,1
969,9b593939f9f9f155.jpeg,train-15954.jpg,1,9,0
970,e4e4e6d2f3f2d6cc.jpeg,train-06927.jpg,10,0,0
971,484a4a4205826cd8.jpeg,train-15249.jpg,5,3,2
972,6872f9f9a61e5074.jpeg,test-01364.jpg,5,2,3
973,b7b48dbc386300d8.jpeg,train-02920.jpg,9,1,0
974,3c1c3a309c940098.jpeg,train-14276.jpg,10,0,0
975,6f3d2ccdcc646a6e.jpeg,test-07714.jpg,9,1,0
976,5a3465c949651fcf.jpeg,train-04130.jpg,7,0,3
977,9539796523a32722.jpeg,train-13319.jpg,10,0,0
978,c5e4e4e2e6e6f0c8.jpeg,train-23534.jpg,4,3,3
979,d0f0c8e8f0d8d4e4.jpeg,test-00420.jpg,10,0,0
980,9686c3cda9f871b9.jpeg,train-29898.jpg,6,4,0
981,263230143a312133.jpeg,train-04130.jpg,10,0,0
982,110323f2f6de0b32.jpeg,train-17671.jpg,10,0,0
983,7ce46978787b33d1.jpeg,train-27441.jpg,3,2,5
984,c0e060ecb870677e.jpeg,train-28380.jpg,1,9,0
985,dc5a5e8f7c63c2d6.jpeg,train-18613.jpg,10,0,0
986,bf65c51989c69959.jpeg,train-09757.jpg,8,0,2
987,e0d0797e5e16a6ae.jpeg,train-19056.jpg,10,0,0
988,6872f9f9a61e5074.jpeg,train-23280.jpg,7,1,2
989,00c292b11a11950b.jpeg,train-14895.jpg,6,4,0
990,3c1c3a309c940098.jpeg,test-02791.jpg,9,1,0
991,cdcce1635959beb2.jpeg,test-07125.jpg,10,0,0
992,848a838282b28e62.jpeg,train-21469.jpg,8,2,0
993,b18119479772428d.jpeg,train-23068.jpg,10,0,0
994,5a3465c949651fcf.jpeg,train-11080.jpg,4,3,3
995,72733261b09399d1.png,train-26230.jpg,0,10,0
996,b4b477367563a6b6.jpeg,train-13949.jpg,0,10,0
997,ee76631898b41d49.jpeg,train-13909.jpg,1,6,3
998,f37164a4d456dbf8.jpeg,train-19056.jpg,4,4,2
999,c5e4e4e2e6e6f0c8.jpeg,train-29329.jpg,4,2,4
1000,484a4a4205826cd8.jpeg,train-05502.jpg,3,6,1
